1,Hadar weiss,Hadar96@gmail.com,0509999999,1999-12-12,333,58,80,140,Other,No,40.8163,1502.72,South
2,Corey Faunch,cfaunch0@youtube.com,0546106689,1999-12-12,N6GuhVVjesAX,33,77,173,Male,Yes,25.7276,1762.82,South
3,Royall Leroy,rleroy1@gnu.org,0522414844,2003-05-13,7fBcMA5l,58,80,140,Other,No,40.8163,1502.72,South
4,Bill Clinton,bcoatsworth2@techcrunch.com,0505522442,1980-07-20,9603wkCnzXkY,38,55,180,Female,Yes,16.9753,1349.28,South
5,Meredith Espadater,mespadater3@census.gov,0525678092,1983-07-31,BmIMGWglzOil,45,93,169,Female,No,32.5619,1636.28,South
6,Jacquie Serridge,jserridge4@lulu.com,0522673134,1998-10-15,TDbRxP,55,88,186,Male,Yes,25.4365,1847.68,South
7,Vanny Fishbourne,vfishbourne5@ehow.com,0547941499,1995-08-25,6FMMkdr,40,61,164,Female,No,22.68,1346.53,South
8,Freida Burchard,fburchard6@cbsnews.com,0546106689,1988-04-25,gS1QitKaYdP,41,89,162,Female,No,33.9125,1594.92,South
9,Gerty Greenstock,ggreenstock7@youtu.be,0546106689,1990-11-29,rcylc3nTpf,58,80,140,Female,No,40.8163,1369.93,Israel
10,Abraham Phil,aphil8@paginegialle.it,0522414844,1992-05-08,mewixy7rMB,68,90,180,Male,Yes,27.7778,1771.88,Israel
11,Sutton Abrahamsson,sabrahamsson9@blog.com,0525381648,1985-08-24,gXYEGFP7w6,,,,,,,,
12,Aurthur Broadis,abroadisa@over-blog.com,0525678092,1974-12-08,VrV442UAa4y,,,,,,,,
13,Brendis Briers,bbriersb@ehow.com,0522673134,1992-07-28,8axZUHua,,,,,,,,
14,Chevalier Langfat,clangfatc@wufoo.com,0547941499,1978-06-19,7oaiZF8,,,,,,,,
15,Aeriela Kaindl,akaindld@pen.io,0546106689,2000-04-25,Cbu8uTae,,,,,,,,
16,Wallas Lathom,wlathome@harvard.edu,0546106689,2002-06-25,iVWAcKY,,,,,,,,
17,Karol Neiland,kneilandf@alibaba.com,0522414844,2003-10-23,MlBi6i9V,,,,,,,,
18,Faustina Estcourt,festcourtg@vk.com,0525381648,2004-05-18,sdJtzA6k5TlX,,,,,,,,
19,Deloris Lackner,dlacknerh@nationalgeographic.com,0525678092,1984-08-05,pR2wrUN,,,,,,,,
20,Lona Hadingham,lhadinghami@g.co,0522673134,1976-08-30,0OXxoUBu,,,,,,,,
21,Gran Casini,gcasinij@yellowbook.com,0547941499,1990-06-26,nNK1lpVNaD,,,,,,,,
22,Oren Ravenshaw,oravenshawk@paginegialle.it,0546106689,1983-07-20,4x8QQyj6,,,,,,,,
23,Andres Halls,ahallsl@homestead.com,0546106689,1976-02-05,g9wEQYV,,,,,,,,
24,Leicester Embling,lemblingm@flavors.me,0522414844,1996-02-27,a59mlE,,,,,,,,
25,Kennith Course,kcoursen@ted.com,0525381648,1972-06-25,kim0eF,,,,,,,,
26,Danika Burdett,dburdetto@unblog.fr,0525678092,2003-03-08,B6h34ACSd,,,,,,,,
27,Gelya Fouch,gfouchp@topsy.com,0522673134,1999-04-03,ix2uQjLJps,,,,,,,,
28,Brigg Huguet,bhuguetq@oracle.com,0547941499,1997-07-13,0pkBup5L,,,,,,,,
29,Corabelle Clissell,cclissellr@yandex.ru,0546106689,1978-09-22,Jd9PJg,,,,,,,,
30,Kacey Garner,kgarners@gov.uk,0546106689,1975-04-14,51MXZQtut25Y,,,,,,,,
31,Lauree Melbourn,lmelbournt@mashable.com,0522414844,2003-04-15,vE30f4Z,,,,,,,,
32,Elmer Gundrey,egundreyu@japanpost.jp,0525381648,1997-06-22,bqHcWf,,,,,,,,
33,Miran Shropsheir,mshropsheirv@nasa.gov,0525678092,1973-08-30,Gs7Gkk3lGg,,,,,,,,
34,Hedy Longridge,hlongridgew@com.com,0522673134,1983-04-27,TrBKN4Ntj,,,,,,,,
35,Lionel Rosenshine,lrosenshinex@phoca.cz,0547941499,1996-09-22,1FdBWH,,,,,,,,
36,Aylmar Milillo,amililloy@bigcartel.com,0546106689,1999-05-27,UKyXsw,,,,,,,,
37,Allayne Henbury,ahenburyz@slate.com,0546106689,1987-03-04,g9HYq84,,,,,,,,
38,Ashli Doumer,adoumer10@desdev.cn,0522414844,1988-09-08,0I8zsroEiXmE,,,,,,,,
39,Philomena Cocking,pcocking11@ustream.tv,0525381648,2001-07-18,1NnYY3oh,,,,,,,,
40,Nicolais Alvarez,nalvarez12@home.pl,0525678092,1972-01-20,PVYJD2,,,,,,,,
41,Ruben Plinck,rplinck13@scientificamerican.com,0522673134,1982-09-03,zEbDAScBWWcA,,,,,,,,
42,Maria Melendez,mmelendez14@w3.org,0547941499,1985-11-12,UqZsxcXxMqx,,,,,,,,
43,Moise Leythley,mleythley15@w3.org,0546106689,1993-10-10,OPqYFPS,,,,,,,,
44,Rriocard Lichtfoth,rlichtfoth16@wordpress.com,0546106689,2002-09-17,OhT0cCIaV0,,,,,,,,
45,Tommy Richemond,trichemond17@icio.us,0522414844,2004-06-11,w9YdHz,,,,,,,,
46,Dame Rabb,drabb18@elegantthemes.com,0525381648,1971-04-07,lkE83f,,,,,,,,
47,Ignatius Ruscoe,iruscoe19@goodreads.com,0525678092,2004-09-23,SUDSGAyfe,,,,,,,,
48,Natalie Gilbanks,ngilbanks1a@wikia.com,0522673134,1994-02-04,8FcGQ5XTbtL,,,,,,,,
49,Marys Hrinchenko,mhrinchenko1b@slate.com,0547941499,2000-01-08,slgcxBqC,,,,,,,,
50,Farleigh Aherne,faherne1c@goo.ne.jp,0546106689,1979-05-06,tZ1gdFwtz7,,,,,,,,
