1,Eolande,Pund,Nutritionist,Eilat,Hatmarim 13
2,Lisette,Terron,Nutritionist,Eilat,Dereh Yotam 4
3,Martainn,Joannet,Nutritionist,Eilat,Hatmarim 13
4,Amaleta,Rappoport,Nutritionist,Eilat,Sderot Argaman 3
5,Else,Swannick,Nutritionist,Eilat,Hatmarim 13
6,Allissa,Trevear,Nutritionist,Eilat,Efroni 122
7,Valentin,Buxcy,Personal Trainer,Eilat,David neomi square
8,Angelita,Robeiro,Personal Trainer,Eilat,Anafa
9,Nikolas,Allkins,Personal Trainer,Eilat,Vardit 4
10,Jeddy,Josham,Personal Trainer,Eilat,Efroni 122
11,Filmore,Fernely,Personal Trainer,Eilat,Vardit 4
12,Estelle,Hanselmann,Personal Trainer,Eilat,Vardit 4
13,Mada,Winkle,Rehab institute,Eilat,Hatmarim 13
14,Caroline,Whiff,Rehab institute,Eilat,nitsanim2
15,Ced,Kerrane,Rehab institute,Eilat,Hatmarim 13
16,Teodorico,Steeden,Rehab institute,Eilat,Dereh Yotam 4
17,Tova,Pierrepont,Rehab institute,Eilat,Hatmarim 13
18,Evvie,Wollacott,Rehab institute,Eilat,Efroni 122
19,Harwell,Giovannardi,Family Doctor,Eilat,Sderot Argaman 3
20,Sauveur,Pohlke,Family Doctor,Eilat,Hatmarim 13
21,Rozamond,Brothwell,Family Doctor,Eilat,David neomi square
22,Land,Carus,Family Doctor,Eilat,Anafa
23,Lonnie,Fyall,Family Doctor,Eilat,Vardit 4
24,Colver,Bonin,Family Doctor,Eilat,Efroni 122
25,Garry,Freddi,Nutritionist,South,Talmei Yafe
26,Rivi,Chessill,Nutritionist,South,sderot
27,Aurea,Breinlein,Nutritionist,South,Kfar aza
28,Persis,Bartolomeoni,Nutritionist,South,Tel sheva
29,Roxana,Iacovuzzi,Nutritionist,South,Negba st
30,Chadwick,Kluge,Nutritionist,South,Ben yehuda 15
31,Francesco,Orrick,Personal Trainer,South,Dvora st 
32,Wells,Raubenheimers,Personal Trainer,South,Neve zeev
33,Euell,Valois,Personal Trainer,South,neve noy 
34,Egbert,Stubbins,Personal Trainer,South,omer 
35,Maybelle,Lumber,Personal Trainer,South,segev shalom
36,Hirsch,Humpatch,Personal Trainer,South,Paran 4
37,Ringo,Pietzner,Rehab institute,South,Ramat hovav
38,Garry,Matresse,Rehab institute,South,dimona 
39,Nerti,Harmer,Rehab institute,South,dimona 
40,Sukey,Cleall,Rehab institute,South,yeruham
41,Nye,Roller,Rehab institute,South,tlalim
42,Oliy,Dimitriou,Rehab institute,South,golani 13
43,Merilyn,Croster,Family Doctor,South,shivta 
44,Neron,Admans,Family Doctor,South,revivim
45,Thorn,Yorath,Family Doctor,South,sde boker 
46,Bobbee,Harower,Family Doctor,South,Hura
47,Candace,Burgher,Family Doctor,South,Meitar
48,Rosanne,Doody,Family Doctor,South,Nili 1
49,Deina,Burnage,Nutritionist,Center,Sderot moshe dayan 3
50,Iggy,Tandy,Nutritionist,Center,nir galim
51,Quinn,Cator,Nutritionist,Center,Ezra st
52,Kevin,Shalliker,Nutritionist,Center,neve hilel
53,Amalie,Burniston,Nutritionist,Center,Kakal
54,Akim,Dymock,Nutritionist,Center,nahlat ganim
55,Stefan,Rosbottom,Personal Trainer,Center,sfat emet 4
56,Reeta,Castanie,Personal Trainer,Center,ramat verber
57,Kalila,Durrington,Personal Trainer,Center,gan rashal
58,Benton,Maffeo,Personal Trainer,Center,rishpon
59,Barry,Gurley,Personal Trainer,Center,agamim 4
60,Delaney,Kidson,Personal Trainer,Center,Sderot moshe dayan 3
61,Luise,Cubbon,Rehab institute,Center,nir galim
62,Oswell,Torricina,Rehab institute,Center,Ezra st
63,Buddie,Hastelow,Rehab institute,Center,neve hilel
64,Joleen,Danell,Rehab institute,Center,Kakal
65,Clement,Haliday,Rehab institute,Center,nahlat ganim
66,Marie,Soles,Rehab institute,Center,sfat emet 4
67,Emmalee,Grotty,Family Doctor,Center,ramat verber
68,Denys,Housbie,Family Doctor,Center,gan rashal
69,Debora,Hardbattle,Family Doctor,Center,rishpon
70,Franz,Cordingly,Family Doctor,Center,agamim 4
71,Teodoor,Exall,Family Doctor,Center,lazar
72,Boote,Knock,Family Doctor,Center,yehud
73,Murdoch,Toretta,Nutritionist,Jerusalem,yefe nof
74,Cariotta,Cawdery,Nutritionist,Jerusalem,beit zait
75,Tawsha,Maude,Nutritionist,Jerusalem,ora
76,Marilyn,Merioth,Nutritionist,Jerusalem,moshe kol
77,Darby,Buttrum,Nutritionist,Jerusalem,har hatozvim
78,Obadias,McCaughren,Nutritionist,Jerusalem,breslov
79,Townie,Vaney,Personal Trainer,Jerusalem,hadar geula
80,Olly,Farfolomeev,Personal Trainer,Jerusalem,elkana
81,Piper,Ryder,Personal Trainer,Jerusalem,zichron moshe
82,Dickie,Bonafant,Personal Trainer,Jerusalem,gad
83,Khalil,Crookshank,Personal Trainer,Jerusalem,yefe nof
84,Stephenie,Edsell,Personal Trainer,Jerusalem,beit zait
85,Nicko,Harower,Rehab institute,Jerusalem,ora
86,Phaedra,Friskey,Rehab institute,Jerusalem,moshe kol
87,Susan,Gerlack,Rehab institute,Jerusalem,har hatozvim
88,Haily,O'Driscole,Rehab institute,Jerusalem,breslov
89,Xenos,Combe,Rehab institute,Jerusalem,hadar geula
90,Adolpho,Ciccottio,Rehab institute,Jerusalem,elkana
91,Terry,Angless,Family Doctor,Jerusalem,zichron moshe
92,Matteo,Hamby,Family Doctor,Jerusalem,gad
93,Verena,Melmoth,Family Doctor,Jerusalem,yefe nof
94,Renee,McCormack,Family Doctor,Jerusalem,beit zait
95,Ardra,Featherstonhalgh,Family Doctor,Jerusalem,ora
96,Herbie,Bendley,Family Doctor,Jerusalem,moshe kol
97,Urbano,Berkowitz,Nutritionist,North,ramat vizhitz
98,Allis,Caldero,Nutritionist,North,geula 
99,Archy,Skone,Nutritionist,North,kiryat yam
100,Colman,Walden,Nutritionist,North,yarka
101,Robbert,Lomasna,Nutritionist,North,meron
102,Carlina,Corrigan,Nutritionist,North,migdal
103,Berna,Gillise,Personal Trainer,North,tiberias
104,Rhetta,Dimitrie,Personal Trainer,North,tiberias
105,Cornelia,Hartington,Personal Trainer,North,natzareth
106,Stevana,Cammis,Personal Trainer,North,kfar blum
107,Westbrook,Hiner,Personal Trainer,North,yesod hamaala
108,Kelli,Douris,Personal Trainer,North,nahariyya
109,Giuditta,Sawbridge,Rehab institute,North,acre
110,Livvyy,Bosward,Rehab institute,North,bustan hagalil
111,Maureen,Eagland,Rehab institute,North,kiryat tivon
112,Courtney,Pilpovic,Rehab institute,North,yagur
113,Candra,Belcham,Rehab institute,North,ramat vizhitz
114,Meriel,Dallaway,Rehab institute,North,geula 
115,Hardy,Truin,Family Doctor,North,kiryat yam
116,Erinn,Rubrow,Family Doctor,North,yarka
117,Juliann,Dunthorn,Family Doctor,North,meron
118,Kenna,Paige,Family Doctor,North,migdal
119,Astrix,Loughren,Family Doctor,North,acre
120,Lesya,Charteris,Family Doctor,North,bustan hagalil
121,Barri,Bice,Nutritionist,Golan Heights,ramot
122,Hieronymus,Crosetto,Nutritionist,Golan Heights,merom golan
123,Gwen,Malone,Nutritionist,Golan Heights,odem
124,Nollie,Guy,Nutritionist,Golan Heights,majdal shams
125,Yvor,Gostall,Nutritionist,Golan Heights,qatsrin
126,Natala,Poleykett,Nutritionist,Golan Heights,ramot
127,Vincents,Robiot,Personal Trainer,Golan Heights,merom golan
128,Eyde,Kick,Personal Trainer,Golan Heights,odem
129,Shalom,Ludl,Personal Trainer,Golan Heights,majdal shams
130,Nisse,Lorand,Personal Trainer,Golan Heights,qatsrin
131,Bastien,Hysom,Personal Trainer,Golan Heights,ramot
132,Florry,Liepins,Personal Trainer,Golan Heights,merom golan
133,Bartholomew,Scamerdine,Rehab institute,Golan Heights,odem
134,Ron,Davidzon,Rehab institute,Golan Heights,majdal shams
135,Natal,Dundon,Rehab institute,Golan Heights,qatsrin
136,Iain,Skill,Rehab institute,Golan Heights,ramot
137,Wallie,Winspear,Rehab institute,Golan Heights,merom golan
138,Candide,Lucus,Rehab institute,Golan Heights,odem
139,Ansel,Sager,Family Doctor,Golan Heights,majdal shams
140,Gleda,Ivanaev,Family Doctor,Golan Heights,qatsrin
141,Katey,Gravett,Family Doctor,Golan Heights,ramot
142,Remus,Saxby,Family Doctor,Golan Heights,merom golan
143,Bertram,Sans,Family Doctor,Golan Heights,odem
144,Freeland,Davidge,Family Doctor,Golan Heights,majdal shams
145,Deanne,,,,
146,Danice,,,,
147,Mollee,,,,
148,Nariko,,,,
149,Martha,,,,
150,Shirl,,,,
151,Troy,,,,
152,Perren,,,,
153,Vanni,,,,
154,Delly,,,,
155,Verge,,,,
156,Tadd,,,,
157,Lorain,,,,
158,Yuri,,,,
159,Drud,,,,
160,Paulette,,,,
161,Robbyn,,,,
162,Abel,,,,
163,Wynn,,,,
164,Hercule,,,,
165,Brittani,,,,
166,Lee,,,,
